Dataset,eval_loss,eval_accuracy_branch1,eval_accuracy_branch2,eval_f1_branch1,eval_f1_branch2,eval_precision_branch1,eval_precision_branch2,eval_recall_branch1,eval_recall_branch2,eval_model_preparation_time,eval_lambda,eval_runtime,eval_samples_per_second,eval_steps_per_second
Undistorted Test Set,0.9579326510429382,0.9250759365507931,0.9189447631904601,0.9236499598200534,0.47888025795104794,0.9244769079156704,0.5,0.9260603481897075,0.4594723815952301,0.0053,0.25,33.1164,536.834,67.127
All Distortions Test Set,8.341794967651367,0.585569242884464,0.25070311621104735,0.6046464085874683,0.21655706440731476,0.8074928878105688,0.37407116304365656,0.5501762041011312,0.4734503318708516,0.0053,0.25,151.0967,470.639,58.83
Ring Artifact Test Set,23.393117904663086,0.5775959050511869,0.4594723815952301,0.5978780323698477,0.3148208814290945,0.8160371292229942,0.23944012897552397,0.5423091819327368,0.4594723815952301,0.0053,0.25,78.5135,452.865,56.614
Rotate Test Set,0.8235511183738708,0.9254415569805378,0.49713128585892674,0.9214107896257834,0.38829218893438794,0.9238322874070584,0.49004932983074123,0.9225978063233047,0.4971312858589268,0.0053,0.25,77.0539,461.443,57.687
Uniform and Rotate Test Set,4.259606838226318,0.7040536993287584,0.3342708216147298,0.7229040235540836,0.2783550704149866,0.8302590633648417,0.41633028296967145,0.6807156002429197,0.4804393070086624,0.0053,0.25,106.0907,502.721,62.842
Uniform Test Set,8.583354949951172,0.5931769602879964,0.46374732815839803,0.6147406630134142,0.32359251482849893,0.8049651195857126,0.2882204590317158,0.5615057681359286,0.46374732815839803,0.0053,0.25,73.7736,481.961,60.252
