Dataset,eval_loss,eval_accuracy_branch1,eval_accuracy_branch2,eval_f1_branch1,eval_f1_branch2,eval_precision_branch1,eval_precision_branch2,eval_recall_branch1,eval_recall_branch2,eval_model_preparation_time,eval_lambda,eval_runtime,eval_samples_per_second,eval_steps_per_second
Undistorted Test Set,0.8975554704666138,0.9475756553043087,0.010124873439082012,0.9433750657415548,0.010023387905111928,0.949866181571637,0.5,0.9398770587042603,0.005062436719541006,0.0016,0.25,34.773,511.259,63.929
All Distortions Test Set,0.96198570728302,0.75400776240297,0.7399735628304647,0.7463879983120235,0.4346091536843588,0.7664429096360451,0.45824697428926797,0.7416105717288041,0.4966906663666704,0.0016,0.25,152.6129,465.963,58.245
Ring Artifact Test Set,0.7911517024040222,0.9441163235459556,0.4939532005849927,0.9391247809958496,0.33928699141364266,0.9460344467585947,0.40498519071843975,0.9354279442978246,0.49395320058499265,0.0016,0.25,73.7172,482.33,60.298
Rotate Test Set,1.4751712083816528,0.6779165260434244,0.4958094273821577,0.6616701744648515,0.3401601426236679,0.6736839538488988,0.4257544303543437,0.665476061225627,0.4958094273821577,0.0016,0.25,72.6111,489.677,61.217
Uniform and Rotate Test Set,1.1588064432144165,0.6917913526080924,0.660704241196985,0.6814701161143477,0.4071818471129694,0.70817652835857,0.465639898839151,0.6784878190079425,0.49805939925750925,0.0016,0.25,116.048,459.586,57.45
Uniform Test Set,1.030021071434021,0.8335583305208685,0.5003093711328609,0.8351226794115084,0.3422692800883936,0.8902641956488302,0.5079577656273258,0.8221941966384169,0.5003093711328609,0.0016,0.25,75.8003,469.075,58.641
