eval_loss,Test Accuracy (Labels),eval_accuracy_branch2,Test Macro F1 (Labels),eval_f1_branch2,Test Macro Precision (Labels),eval_precision_branch2,Test Macro Recall (Labels),eval_recall_branch2,Dataset,eval_model_preparation_time,eval_lambda,eval_runtime,eval_samples_per_second,eval_steps_per_second,Fold
0.9497292637825012,0.9271009112386096,0.4002699966250422,0.92678535668576,0.2858520125331405,0.926366442545458,0.5,0.9286635288206342,0.2001349983125211,undistorted,0.002,0.25,23.2618,764.256,23.902,Fold_2
7.02875280380249,0.6371076611542356,0.7554139948250647,0.6468177247980723,0.6463809478439487,0.8438179888201738,0.6638574514909674,0.5829300720009446,0.6370326620917238,all_distortions,0.002,0.25,94.3737,753.515,23.555,Fold_2
19.799657821655277,0.6396670041624479,0.6996006299921251,0.6516366939664663,0.6700362661312433,0.8520144999106808,0.8110959658100952,0.5871642111297053,0.6996006299921251,ring_artifact,0.002,0.25,47.1995,753.313,23.56,Fold_2
0.8115057349205017,0.9273540330745864,0.5125717178535268,0.9245465695003444,0.5063459121497941,0.9252053166237884,0.5132396127081833,0.9251198824492448,0.5125717178535268,rotate,0.002,0.25,47.3779,750.477,23.471,Fold_2
3.533196449279785,0.7320658491768853,0.6742415719803503,0.7470375964357289,0.6094161282535915,0.8612750232415862,0.6223624929581224,0.6953517981883339,0.6057486781415232,uniform_rotate,0.002,0.25,71.036,750.803,23.467,Fold_2
7.000051021575928,0.6342951963100462,0.6989256384295196,0.6455038667905975,0.6694414005589701,0.8449891377085634,0.8092656889053305,0.5822395792435733,0.6989256384295196,uniform,0.002,0.25,47.4821,748.829,23.419,Fold_2
