eval_loss,Test Accuracy (Labels),eval_accuracy_branch2,Test Macro F1 (Labels),eval_f1_branch2,Test Macro Precision (Labels),eval_precision_branch2,Test Macro Recall (Labels),eval_recall_branch2,Dataset,eval_model_preparation_time,eval_lambda,eval_runtime,eval_samples_per_second,eval_steps_per_second,Fold
0.9474917054176332,0.9328945888176398,0.1235797052536843,0.9301420647401448,0.1099874843554443,0.931071751861008,0.5,0.9309046174623772,0.0617898526268421,undistorted,0.002,0.25,22.8624,777.608,24.319,Fold_3
8.905095100402832,0.6321295983800203,0.6677354033074586,0.6456742190870092,0.4749544077436693,0.8528730036079067,0.4792434256503797,0.5763638571615887,0.4863501706228672,all_distortions,0.002,0.25,94.6926,750.977,23.476,Fold_3
24.582712173461918,0.6313139835752053,0.40617617279784,0.6450637850434233,0.3546369901140618,0.853926520131829,0.3621366988667053,0.5773077945946068,0.40617617279784,ring_artifact,0.002,0.25,47.1859,753.531,23.566,Fold_3
0.8154447674751282,0.9279165260434244,0.4911126110923614,0.923736611118456,0.4116361675662141,0.9260379280141412,0.4806660661903328,0.923711132355616,0.4911126110923614,rotate,0.002,0.25,47.1435,754.209,23.588,Fold_3
4.742383003234863,0.7329283383957701,0.660722990962613,0.751313789052659,0.4902129050150771,0.8723628424576657,0.5729551408516069,0.6939148189731729,0.5264371695353809,uniform_rotate,0.002,0.25,70.7071,754.294,23.576,Fold_3
9.69871997833252,0.6379232759590505,0.5617617279784003,0.6552995155449981,0.4576235616030851,0.8641883197106847,0.7662303416854603,0.5826134048353316,0.5617617279784003,uniform,0.002,0.25,47.2116,753.12,23.554,Fold_3
