eval_loss,Test Accuracy (Labels),eval_accuracy_branch2,Test Macro F1 (Labels),eval_f1_branch2,Test Macro Precision (Labels),eval_precision_branch2,Test Macro Recall (Labels),eval_recall_branch2,Dataset,eval_model_preparation_time,eval_lambda,eval_runtime,eval_samples_per_second,eval_steps_per_second,Fold
0.9610058069229126,0.92800089998875,0.1494543818202272,0.9252332352672658,0.1300220210423293,0.9267131442826326,0.5,0.9253484954834524,0.0747271909101136,undistorted,0.002,0.25,22.8486,778.078,24.334,Fold_4
8.912422180175781,0.6131454606817415,0.5835583305208685,0.6180243222311551,0.4380693575221812,0.8118157542638983,0.4373557031765037,0.5670613994691285,0.4388570142873214,all_distortions,0.002,0.25,94.5752,751.91,23.505,Fold_4
22.82982635498047,0.5967206659916751,0.2427438407019912,0.612526908265804,0.236095639769779,0.818323548505841,0.2334653172719347,0.558441761252397,0.2427438407019912,ring_artifact,0.002,0.25,47.2644,752.279,23.527,Fold_4
0.818605899810791,0.926172797840027,0.4996906288671391,0.9217278552391236,0.4297393633793867,0.9238699661931696,0.4993926018483964,0.921117941898372,0.4996906288671391,rotate,0.002,0.25,47.3976,750.164,23.461,Fold_4
5.527712345123291,0.7290471369107886,0.666066674166573,0.7383077948914054,0.5083117269268251,0.846085145979286,0.5909537499414135,0.692236856951724,0.5369136010799865,uniform_rotate,0.002,0.25,70.8781,752.475,23.519,Fold_4
11.450798034667969,0.631398357520531,0.5741365732928339,0.6349120577666092,0.4804294446073615,0.8264824257058795,0.7661229618394589,0.5799115912709406,0.5741365732928339,uniform,0.002,0.25,47.4037,750.068,23.458,Fold_4
