eval_loss,Test Accuracy (Labels),eval_accuracy_branch2,Test Macro F1 (Labels),eval_f1_branch2,Test Macro Precision (Labels),eval_precision_branch2,Test Macro Recall (Labels),eval_recall_branch2,Dataset,eval_model_preparation_time,eval_lambda,eval_runtime,eval_samples_per_second,eval_steps_per_second,Fold
0.9665353894233704,0.9229384632692093,0.0479244009449881,0.91838620252201,0.04573268921095,0.9187053667495214,0.5,0.9206892888531918,0.023962200472494,undistorted,0.002,0.25,22.8968,776.439,24.283,Fold_5
9.2848482131958,0.6011221734728316,0.5531696478794015,0.6157054395448021,0.379350117589701,0.8171148227981082,0.3744006226856889,0.559354936998944,0.3847545655679304,all_distortions,0.002,0.25,94.338,753.801,23.564,Fold_5
25.146265029907227,0.5685678929013387,0.1606479919001012,0.598614839695285,0.1498454108320057,0.811646867274866,0.1424763399652832,0.5411732364216019,0.1606479919001012,ring_artifact,0.002,0.25,47.0538,755.646,23.633,Fold_5
0.8144028186798096,0.9252165597930024,0.4975531555855552,0.9207358399621848,0.3702363460065725,0.9220762271311304,0.4872117882467275,0.9218424312355564,0.4975531555855552,rotate,0.002,0.25,47.2488,752.526,23.535,Fold_5
5.156545162200928,0.7300971237859527,0.6464356695541306,0.7501290534005193,0.4319401875785056,0.873793987181164,0.4856571384634892,0.6919208546685879,0.496807852401845,uniform_rotate,0.002,0.25,70.8053,753.248,23.543,Fold_5
10.631957054138184,0.631398357520531,0.4960625492181347,0.6493966199887112,0.3694256998146697,0.8620881140782252,0.4799813167965062,0.5763834951939217,0.4960625492181347,uniform,0.002,0.25,46.9822,756.798,23.669,Fold_5
