eval_loss,Test Accuracy (Labels),eval_accuracy_branch2,Test Macro F1 (Labels),eval_f1_branch2,Test Macro Precision (Labels),eval_precision_branch2,Test Macro Recall (Labels),eval_recall_branch2,Dataset,eval_model_preparation_time,eval_lambda,eval_runtime,eval_samples_per_second,eval_steps_per_second,Fold
0.962826132774353,0.9250759365507932,0.1970975362807965,0.922744022242324,0.1646461798703129,0.923540708423438,0.5,0.9237291706143228,0.0985487681403982,undistorted,0.002,0.25,22.8535,777.911,24.329,Fold_6
5.850908756256104,0.6331702103723703,0.3428816514793565,0.6443975470925151,0.3011620326353893,0.8306187804196061,0.3456953870916974,0.5794417694094929,0.2942869464131698,all_distortions,0.002,0.25,94.8162,749.999,23.445,Fold_6
17.32067108154297,0.6360107998650016,0.1330295871301609,0.6473317258783626,0.1294562644233123,0.8500088212602269,0.1269037919631483,0.5818642451523559,0.1330295871301609,ring_artifact,0.002,0.25,47.369,750.617,23.475,Fold_6
0.8156170845031738,0.9252165597930024,0.4969625379682754,0.9210583474461894,0.4472607683659073,0.9234105479788806,0.4952563664695711,0.9207354782142028,0.4969625379682754,rotate,0.002,0.25,47.1824,753.586,23.568,Fold_6
2.518759489059448,0.7285783927700904,0.4341883226459669,0.7440954748231885,0.3770777087876664,0.8497853327647782,0.3799132769232193,0.6925892526491941,0.3749156260546743,uniform_rotate,0.002,0.25,70.8474,752.801,23.529,Fold_6
4.722578525543213,0.6301889976375296,0.2528687141410732,0.6450177956080816,0.2505375679956771,0.8265328437054816,0.2497552446897115,0.5800129860667496,0.2528687141410732,uniform,0.002,0.25,47.1244,754.514,23.597,Fold_6
