eval_loss,Test Accuracy (Labels),eval_accuracy_branch2,Test Macro F1 (Labels),eval_f1_branch2,Test Macro Precision (Labels),eval_precision_branch2,Test Macro Recall (Labels),eval_recall_branch2,Dataset,eval_model_preparation_time,eval_lambda,eval_runtime,eval_samples_per_second,eval_steps_per_second,Fold
0.8868029117584229,0.9496568792890088,0.0085498931263359,0.9470277829456812,0.0084774121583937,0.9510815590554166,0.5,0.9449091006267992,0.0042749465631679,undistorted,0.0021,0.25,23.3089,762.714,23.854,Fold_5
0.9509515762329102,0.7567217909776128,0.7327174035324558,0.7518385977251957,0.4305522448820735,0.7737363632704426,0.4229142146466634,0.7453180391766605,0.4913282333970825,all_distortions,0.0021,0.25,96.4572,737.239,23.046,Fold_5
0.7822936177253723,0.9451569355383058,0.488806389920126,0.9423410713656252,0.3355544895900573,0.9464732609076312,0.3554073426684891,0.9403392884079276,0.488806389920126,ring_artifact,0.0021,0.25,48.1258,738.814,23.106,Fold_5
1.465187668800354,0.682557093036337,0.5020812239847002,0.6709382643563245,0.3417489183944091,0.6812985304024303,0.5809584762054798,0.6699805072349465,0.5020812239847002,rotate,0.0021,0.25,48.1532,738.393,23.093,Fold_5
1.1465433835983276,0.6954100573742829,0.6539355758053025,0.6870942345469468,0.4031216503113196,0.7162260594061586,0.4089698996131694,0.6818342268391956,0.4925891551355608,uniform_rotate,0.0021,0.25,72.2237,738.456,23.081,Fold_5
1.0026843547821045,0.8353864326695917,0.4830970862864214,0.8363741644617165,0.3328606043810515,0.8900706843520321,0.3296418063560705,0.8252253833372467,0.4830970862864214,uniform,0.0021,0.25,48.1152,738.977,23.111,Fold_5
