eval_loss,Test Accuracy (Labels),eval_accuracy_branch2,Test Macro F1 (Labels),eval_f1_branch2,Test Macro Precision (Labels),eval_precision_branch2,Test Macro Recall (Labels),eval_recall_branch2,Dataset,eval_model_preparation_time,eval_lambda,eval_runtime,eval_samples_per_second,eval_steps_per_second,Fold
0.9052386283874512,0.9471819102261222,0.0001124985937675,0.9431410171188636,0.0001124859392575,0.946619078802092,0.5,0.9413891578571436,5.624929688378895e-05,undistorted,0.002,0.25,23.3573,761.133,23.804,Fold_3
0.9614503383636476,0.7543593205084936,0.7497890651366858,0.7478868744006668,0.4286126236144036,0.7710320493945921,0.4276122380839923,0.741681034579258,0.4998968762890464,all_distortions,0.002,0.25,96.7022,735.371,22.988,Fold_3
0.7861793041229248,0.944285071436607,0.4995781302733715,0.940157089375269,0.3332456430504492,0.9441958161007762,0.3025260551271247,0.9380403697818837,0.4995781302733716,ring_artifact,0.002,0.25,48.1912,737.812,23.075,Fold_3
1.52639901638031,0.6775227809652379,0.5000562492968837,0.6645850084736703,0.3334583195850987,0.6812396790604237,0.7500140631152613,0.6653515776475193,0.5000562492968837,rotate,0.002,0.25,48.3202,735.842,23.013,Fold_3
1.1676356792449951,0.6920163497956275,0.6667041661979225,0.68192750301458,0.4001214860292585,0.7133398949116522,0.8333458336458411,0.6773441855368029,0.5000562492968837,uniform_rotate,0.002,0.25,72.4217,736.436,23.018,Fold_3
0.9955754280090332,0.8340926988412645,0.5000562492968837,0.8345725822435398,0.3334583195850987,0.8863018321489456,0.7500140631152613,0.8213592795862567,0.5000562492968837,uniform,0.002,0.25,48.3566,735.288,22.996,Fold_3
