eval_loss,Test Accuracy (Labels),eval_accuracy_branch2,Test Macro F1 (Labels),eval_f1_branch2,Test Macro Precision (Labels),eval_precision_branch2,Test Macro Recall (Labels),eval_recall_branch2,Dataset,eval_model_preparation_time,eval_lambda,eval_runtime,eval_samples_per_second,eval_steps_per_second,Fold
0.8984711766242981,0.9511193610079874,0.0102373720328495,0.9466042784306982,0.0101336302895322,0.950650070953581,0.5,0.944333088672015,0.0051186860164247,undistorted,0.002,0.25,23.1886,766.671,23.977,Fold_6
0.9206873178482056,0.7705450556868039,0.7416469794127574,0.7636848561240863,0.435326124961246,0.7841268072840314,0.4695797488888596,0.7560329551100903,0.4978437769527881,all_distortions,0.002,0.25,96.507,736.859,23.035,Fold_6
0.7862917184829712,0.947772527843402,0.4841658229272134,0.9431804126526148,0.3347438527413796,0.9473633874600556,0.3441016148894416,0.9406494480668928,0.4841658229272134,ring_artifact,0.002,0.25,48.2495,736.92,23.047,Fold_6
1.3941898345947266,0.7011756103048712,0.5051186860164248,0.6852158418441959,0.3446083443172265,0.6995349347665096,0.75128625544185,0.6833875750098257,0.5051186860164248,rotate,0.002,0.25,48.1864,737.885,23.077,Fold_6
1.0937864780426023,0.7125848426894664,0.669497881276484,0.7033033958599488,0.4107273761603108,0.7308303296120119,0.7616081648301738,0.695722004326197,0.5046827539655755,uniform_rotate,0.002,0.25,72.0553,740.181,23.135,Fold_6
0.9595863223075868,0.8432613342333221,0.504246821914726,0.8434705372663776,0.3442025004018233,0.8863841548132668,0.6782981509576373,0.8323619758154771,0.5042468219147261,uniform,0.002,0.25,48.2893,736.311,23.028,Fold_6
