eval_loss,Test Accuracy (Labels),eval_accuracy_branch2,Test Macro F1 (Labels),eval_f1_branch2,Test Macro Precision (Labels),eval_precision_branch2,Test Macro Recall (Labels),eval_recall_branch2,Dataset,eval_model_preparation_time,eval_lambda,eval_runtime,eval_samples_per_second,eval_steps_per_second,Fold
0.9171133041381836,0.9463944200697492,0.0010687366407919,0.9407714041669262,0.0010675956621902,0.9431687259380712,0.5,0.9402137995409068,0.0005343683203959,undistorted,0.002,0.25,23.9748,741.53,23.191,Fold_2
0.9169239401817322,0.7754387445156935,0.7365704803689954,0.7668533622460714,0.4251412204306406,0.7733223290368065,0.3829322478071266,0.7661997003285905,0.4914032324595943,all_distortions,0.002,0.25,94.5195,752.353,23.519,Fold_2
0.7942801713943481,0.941894476319046,0.485065811677354,0.9360212368574178,0.3275399032200306,0.9388983262770498,0.2629016913789169,0.9353441570733284,0.485065811677354,ring_artifact,0.002,0.25,48.8615,727.689,22.758,Fold_2
1.446281909942627,0.692147598155023,0.5004781190235122,0.6768016757878763,0.3344945947900348,0.6810959979479346,0.7025005527749302,0.6839806292791449,0.5004781190235122,rotate,0.002,0.25,48.8255,728.226,22.775,Fold_2
1.089505672454834,0.7214534818314771,0.6590730115873552,0.711377300887957,0.3982523812325799,0.7202196216120152,0.353561690589612,0.7114414289028704,0.4945719428507144,uniform_rotate,0.002,0.25,72.893,731.676,22.869,Fold_2
0.9041523337364196,0.8632298346270671,0.4886657666779165,0.8609250348021503,0.3291770249753043,0.888651952441138,0.2686728058730255,0.8532884138456143,0.4886657666779165,uniform,0.002,0.25,48.8475,727.898,22.765,Fold_2
