eval_loss,Test Accuracy (Labels),eval_accuracy_branch2,Test Macro F1 (Labels),eval_f1_branch2,Test Macro Precision (Labels),eval_precision_branch2,Test Macro Recall (Labels),eval_recall_branch2,Dataset,eval_model_preparation_time,eval_lambda,eval_runtime,eval_samples_per_second,eval_steps_per_second,Fold
0.877711832523346,0.9537068286646416,0.0349308133648329,0.9497555340270892,0.0337518343388227,0.954977794592698,0.5,0.946197434719484,0.0174654066824164,undistorted,0.002,0.25,23.3348,761.866,23.827,Fold_4
0.9500405192375184,0.7540921363482956,0.7349111261109236,0.7460717771011094,0.4537309576398952,0.7718904512666185,0.509432332786373,0.7373954401320456,0.50158435519556,all_distortions,0.002,0.25,96.4666,737.167,23.044,Fold_4
0.7776935696601868,0.9492068849139386,0.4957813027337158,0.9447808338642136,0.3598172609644235,0.9504257610971424,0.4719626981819944,0.9409790347464866,0.4957813027337158,ring_artifact,0.002,0.25,48.2484,736.936,23.047,Fold_4
1.4644660949707031,0.6847789402632467,0.5080998987512656,0.671282863620243,0.366198790242986,0.6852599476567124,0.5775525026909776,0.669070814421373,0.5080998987512656,rotate,0.002,0.25,48.2676,736.644,23.038,Fold_4
1.1451042890548706,0.6905538680766491,0.661004237447032,0.6788149203470935,0.4286430906216373,0.7128966266999116,0.5354609513109438,0.6712737085848978,0.5044858814264821,uniform_rotate,0.002,0.25,72.3747,736.915,23.033,Fold_4
0.9976983070373536,0.8279052761840477,0.5008718641016987,0.8257199154070356,0.3624615998853714,0.884392496279002,0.5066253211721206,0.8109384658157157,0.5008718641016987,uniform,0.002,0.25,48.4183,734.35,22.967,Fold_4
